{
	"id" : 5001,
	"key" : "Summoning_Ring@increase_summon_5",
	"event" : 0,
	"speed_additive" : 0,
	"speed_multiplier" : 1,
	"light_radius" : 0,
	"water_speed_penalty" : 1,
	"crit_chance" : 0,
	"crit_damage" : 0,
	"knockback_inflicted" : 0,
	"knockback_received" : 1,
	"dash_amount" : 1,
	"dash_time" : 0,
	"show_enemy_health" : 0,
	"hp_max" : 0,
	"mp_max" : 0,
	"pierce" : 0,
	"cs_onbuffupdate" : "null",
	"reflect_damage" : 0,
	"melee_damage" : 0,
	"magic_damage" : 0,
	"ranged_damage" : 0,
	"hp_regen" : 1,
	"mp_regen" : 1,
	"weapon_speed" : 0,
	"melee_crit_chance" : 0,
	"ranged_crit_chance" : 0,
	"magic_crit_chance" : 0,
	"chance_consume_ammo" : 0,
	"chance_consume_mp" : 0,
	"chance_consume_usable" : 0,
	"icon" : null,
	"spawn_rate_multiplier" : 1,
	"dashes" : 0,
	"tile_friction_penalty" : 1,
	"ignore_tile_speed" : null,
	"defense_additive" : 0,
	"defense_multiplier" : 0,
	"buff_immunity" : null,
	"custom_script_chance" : 100,
	"luck_multiplier" : 1,
	"summon_amount" : 5,
	"consumable_duration_multiplier" : 1,
	"cs_onbuffend" : "null",
	"is_debuff" : null,
	"compiled" : "W3sia2V5IjoiKCQpY3Nfb25idWZmdXBkYXRlIiwiSUQiOjE3LjB9LHsia2V5Ijoic3VtbW9uX2Ftb3VudCIsIklEIjo0MS4wfSx7ImtleSI6InVuaXF1ZSIsIklEIjo2MC4wfSx7ImtleSI6IjAiLCJJRCI6NjMuMH0seyJrZXkiOiIwIiwiSUQiOjY0LjB9XQ==",
	"mode" : 0,
	"flee_chance" : 0,
	"ammo_dispersion" : 0,
	"buff_duration_multiplier" : 1,
	"debuff_duration_multiplier" : 1,
	"mana_consumption_multiplier" : 1,
	"explosion_damage" : 1,
	"explosion_damage_reduction" : 1,
	"description" : "null",
	"cs_onbuffcondition" : "null",
	"throwable_damage" : 0,
	"chance_consume_throwable" : 0,
	"custom_buff_01" : null,
	"unique" : 1,
	"ignore_ammo_consumption" : null,
	"description_amount" : null,
}