{
	"id" : 5001,
	"key" : "wood_staff_plus@magic_fariy_100",
	"type" : null,
	"sprite" : "sprProjectileFairy",
	"damage" : 1,
	"knockback" : 0,
	"crit_chance" : 4,
	"speed" : 3,
	"pierce" : 0,
	"ignite_chance" : 0,
	"mine_power" : 0,
	"emits_light" : 1,
	"crit_damage" : 1,
	"move_pattern" : "ammo_movement_pattern_sine",
	"move_pattern_speed" : 1.25,
	"move_pattern_amplitude" : 25,
	"particle_step" : "psMagicFairyTrail",
	"particle_destroy" : "psMagicFairyExplosion",
	"sound_impact" : 41,
	"has_trail" : 1,
	"depth_sorted" : 1,
	"falls" : 0,
	"particles_destroy" : null,
	"collides" : 1,
	"cs_onammodestroy" : "null",
	"bounces" : 0,
	"destroys_on_collision" : 1,
	"friction" : 1,
	"rotates" : 0,
	"life" : 100,
	"boomerang_throw_speed" : 0,
	"boomerang_retract_speed" : 0,
	"apply_buffs" : null,
	"buffs_duration" : 0,
	"buff_chance" : 0,
	"mine_damage" : 0,
	"sprite_shadow" : null,
	"particle_create" : null,
	"sound_create" : null,
	"animated" : 1,
	"mines_on_contact" : 0,
	"cs_onammoupdate" : "null",
	"cs_onammohit" : "null",
	"spectral_trail" : 0,
	"spectral_trail_color" : 0,
	"damage_multiplier" : 1,
	"drop" : null,
	"bounce_strength" : 1,
	"zspeed" : -1.05,
}