{
	"id" : 18,
	"key" : "jungle",
	"music_day" : "musJungle",
	"music_night" : "musNight",
	"ambience_day" : "ambJungle",
	"ambience_night" : "ambJungle",
	"mob_pool_day" : [[17,33],[18,33],[19,33],[0,20]],
	"mob_pool_night" : [[17,50],[18,50],[19,20],[0,20]],
	"spawn_rate_multiplier" : 1.15,
	"spawn_rate_day" : 1,
	"spawn_rate_night" : 1,
	"flea" : "sprNPCCritterFly01",
	"flea_has_light" : null,
	"particle_system" : null,
	"overlay" : "sprOverlayJungle",
	"name" : "K_BIOME_14",
	"lut" : null,
	"ambient_color" : 16777215,
	"mist_color" : 0,
	"mist_intensity" : 0.50,
	"mist_global" : 0,
	"fish" : [[7,100],[10,100]],
	"fish_chests" : [[37,4],[28,4],[39,4]],
	"spawn_max_mobs" : 5,
	"loot" : "[[741,0.03,1,1,\"db_item\"]]",
	"player_on_tile_to_update" : 1,
	"minibosses" : null,
	"icon" : "sprGUIIngameIconBiomeJungle",
	"shown_in_codex" : 1,
	"soft_light" : 1,
	"bloom_intensity" : 0,
	"bloom_threshold" : 0.90,
}