{
	"id" : 1,
	"key" : "beach",
	"music_day" : "musBeach",
	"music_night" : "musNight",
	"ambience_day" : "ambBeach",
	"ambience_night" : "ambBeach",
	"mob_pool_day" : [[1,33],[0,10],[16,10]],
	"mob_pool_night" : [[47,10],[0,10],[16,5]],
	"spawn_rate_multiplier" : 1,
	"spawn_rate_day" : 0.75,
	"spawn_rate_night" : 0.50,
	"flea" : null,
	"flea_has_light" : null,
	"particle_system" : null,
	"overlay" : null,
	"name" : "K_BIOME_06",
	"lut" : null,
	"ambient_color" : 16777215,
	"mist_color" : 0,
	"mist_intensity" : 0.50,
	"mist_global" : 0,
	"fish" : [[1,100],[13,100],[14,100]],
	"fish_chests" : [[21,6],[34,4],[38,1],[35,2],[42,3]],
	"spawn_max_mobs" : 10,
	"loot" : null,
	"player_on_tile_to_update" : 1,
	"minibosses" : null,
	"icon" : "sprGUIIngameIconBiomeBeach",
	"shown_in_codex" : 1,
	"soft_light" : 1,
	"bloom_intensity" : 0,
	"bloom_threshold" : 0.90,
}