{
	"id" : 47,
	"key" : "fireflies",
	"ai" : 5,
	"name" : "Firefly",
	"hp" : 1,
	"body_damage" : 0,
	"height" : -5,
	"speed" : 80,
	"friction" : 15,
	"knockback_immune" : 1,
	"boss" : 0,
	"collides" : 1,
	"flips" : 1,
	"flying" : 1,
	"sprite_idle" : "sprNPCCritterFireflie",
	"sprite_run" : "sprNPCCritterFireflie",
	"sprite_item_idle" : null,
	"sprite_item_walk" : null,
	"sprite_hand" : null,
	"sprite_gore" : "sprNPCCritterFireflieGore",
	"loot" : "[[21,0.25,1,1,\"db_item\"]]",
	"spawn_day" : 1,
	"spawn_night" : 1,
	"is_spider" : 0,
	"sprite_leg_1" : null,
	"sprite_leg_2" : null,
	"sprite_leg_joint" : null,
	"sound_step" : null,
	"sound_hit" : null,
	"sound_death" : 36,
	"sound_attack_1" : null,
	"sound_attack_2" : null,
	"sound_attack_3" : null,
	"sound_attack_4" : null,
	"does_step_sound" : null,
	"mask_sprite" : "sprNPCCritterButterflyMask",
	"uses_weapon" : null,
	"attack_range" : null,
	"sprite_attack" : null,
	"sprite_attack_walk" : null,
	"light_radius" : 0.33,
	"ai_mod_1" : null,
	"ai_mod_2" : null,
	"ai_mod_3" : null,
	"buffs" : [[35]],
	"water_penalty" : 0,
	"sprite_extra_1" : null,
	"sprite_extra_2" : null,
	"sprite_extra_3" : null,
	"sprite_extra_4" : null,
	"damage" : 0,
	"custom_eye_candy_script" : null,
	"defense" : 0,
	"gd_points" : 5,
	"sprite_shadow" : "sprEntityShadowMedium",
	"light_color" : 6416382,
	"light_offset_x" : 0,
	"light_offset_y" : 5,
	"enraged_ai_script" : null,
	"enrages_at" : 0,
	"is_segmented" : null,
	"worm_segments" : null,
	"worm_segments_distance" : null,
	"worm_segments_armor" : null,
	"lock_position" : null,
	"lock_ik_sprite" : null,
	"lock_distance" : 0,
	"knockback" : 1,
	"cs_onmobdeath" : "null",
	"spider_segments" : null,
	"object" : "objMob",
	"cs_onmobupdate" : "cs_eyecandy_firefly",
	"can_be_damaged" : 1,
	"cs_onmobdraw" : "null",
	"weapons" : null,
	"shadow_data" : "-1|21|11|27|4",
	"cast_shadow" : 1,
	"codex_unlockable" : 1,
	"codex_kills_required" : 5,
	"icon" : "sprNPCCritterFireflieIcon",
	"soul_loot" : null,
	"can_jump_over_everything" : 0,
	"miniboss" : 0,
	"does_water_sound" : 0,
	"is_critter" : 0,
	"shadow_x_offset" : 0,
	"targeted_by_summons" : 1,
	"loot_hard_difficulty" : null,
	"cs_onmobspawn" : "null",
}