{
	"id" : 5003,
	"key" : "Infinite_trees@Infinite_fir_tree_buildable",
	"name" : "Infinite fir Tree",
	"width" : 1,
	"height" : 1,
	"icon" : "sprInteractableSnowTree02InfiniteIcon",
	"quantity_max" : 99,
	"type" : "Building",
	"show" : 1,
	"auto_swing" : 1,
	"action" : 7,
	"speed" : 100,
	"damage" : 1,
	"crit_chance" : 0,
	"knockback" : 0,
	"pierce" : 0,
	"ammo_required" : null,
	"ammo_type" : null,
	"ammo_generated" : null,
	"description" : "All The fir wood!",
	"aim_range" : 4,
	"ingame_sprite" : "sprInteractableSnowTree02",
	"build_block" : "Infinite_trees@Infinite_fir_tree",
	"trail_type" : null,
	"buy" : 100,
	"sell" : 60,
	"fixed_damage" : 0,
	"summon" : null,
	"consume_sound" : null,
	"emits_light" : null,
	"power" : 0,
	"mana_consumption" : 0,
	"buff_list" : null,
	"crit_damage" : 1,
	"use_animation" : "null",
	"damage_reduction" : 0,
	"axe_damage" : 0,
	"pickaxe_damage" : 0,
	"use_particle_animation" : "null",
	"use_sound" : null,
	"contact_damage" : null,
	"cs_onitemuse" : "null",
	"dispersion" : 0,
	"actions_per_second" : 1,
	"swing_arc" : 180,
	"use_animation_easing" : null,
	"consume_buffs" : null,
	"consume_duration" : null,
	"ingame_hand_sprite" : null,
	"potion_sickness" : null,
	"hp_recover" : null,
	"mp_recover" : null,
	"consumable" : null,
	"has_trail" : null,
	"damage_type" : null,
	"set_buff" : null,
	"set_requirements" : null,
	"buffs" : null,
	"buffs_duration" : null,
	"affix" : null,
	"buff_chance" : 0,
	"hook_speed" : null,
	"hook_range" : null,
	"is_material" : 0,
	"weapon_use_trigger" : 0,
	"cs_onweapontrigger" : "null",
	"weapon_use_trigger_type" : null,
	"charge_time" : null,
	"cs_onweaponcharged" : "null",
	"charge_script_on_trigger" : null,
	"charge_disables_ammo" : null,
	"ammo_created" : null,
	"hook_sprite" : null,
	"hook_grab_sound" : null,
	"hook_grab_destroy" : null,
	"summon_id" : null,
	"gender" : "K_ITEM_GENDER_TABLE",
	"map_chart_positive" : null,
	"map_chart_negative" : null,
	"map_chart_chance" : 0,
	"data" : null,
	"cs_onweaponhit" : "null",
	"use_animation_charged" : "null",
	"hoe_damage" : 0,
	"shoot_offset_x" : 0,
	"shoot_offset_y" : 0,
	"well_fed" : 0,
	"held" : 0,
	"fishing_mastery" : null,
	"cs_onweaponkill" : "null",
	"unlocks_recipe" : null,
	"animation_instant" : 0,
	"set_description" : "null",
	"flip_swing_sprite" : 0,
	"charge_disables_script" : 0,
	"reverse_team" : 0,
	"show_hair" : 0,
	"ref_mob" : null,
	"cs_onhookupdate" : null,
	"pet" : null,
	"drop_text_color" : "Normal",
	"generate_ammo" : 1,
}