{
	"id" : 11,
	"key" : "trunk_01",
	"hp" : 4,
	"sprite" : "sprWorldTreeMapleTrunk01",
	"interact_required_item" : null,
	"hit_sound" : 1,
	"hit_particles" : "[sprFxParticleWood]",
	"harvest_sound" : 1,
	"create_after_harvest" : null,
	"item" : null,
	"object" : "parentResources",
	"harvest_pickaxe" : 1,
	"harvest_axe" : 1,
	"harvest_hoe" : 0,
	"keep_in_memory" : 0,
	"animated" : 0,
	"solid" : 1,
	"can_terraform" : 0,
	"xoffset" : 8,
	"yoffset" : 13,
	"data" : null,
	"loot" : "[[2,1,3,5,\"db_item\"]]",
	"tile_required" : null,
	"craft_table" : null,
	"emit_light" : 0,
	"interact_sound" : null,
	"is_door" : null,
	"power_required" : 0,
	"silhouette" : 0,
	"animation_speed" : 0,
	"spawn_mob_on_destroy" : null,
	"summon_boss_on_destroy" : null,
	"is_ammo_collision" : null,
	"poisson_disk_sampling" : 1,
	"point_of_interest" : 0,
	"width" : 1,
	"height" : 1,
	"affected_by_wind" : null,
	"contact_damage" : 0,
	"persistent" : 0,
	"width_check" : 1,
	"height_check" : 1,
	"crafting_table" : null,
	"is_hook_collision" : 1,
	"minimap_color" : 3751539,
	"cs_oninteractabledestroy" : "null",
	"light_offset_x" : 0,
	"light_offset_y" : 0,
	"light_color" : 0,
	"can_be_jumped_over" : 1,
	"cs_oninteractablegeneration" : "null",
	"blocks_surface" : 0,
	"cs_oninteractablecabletrigger" : "null",
	"lock_item" : null,
	"lock_item_consume" : 0,
	"interacts_with_cable" : 0,
	"cs_oninteractableinteract" : "null",
	"cable_skips_lock" : null,
	"can_player_interact" : 1,
	"shadow_data" : "0|4|17|12|2|0|0|1|1",
	"cast_shadow" : 1,
	"cable_spawns_mob" : null,
	"show_grabbed_item" : 0,
	"cable_timer" : 0,
	"cast_directional_shadow" : 1,
	"interact_data" : null,
	"crop_to_interactable" : null,
	"cs_oninteractableinstancecreate" : "null",
	"is_light_source" : 0,
	"can_hold_tops" : 0,
	"occluder_data" : "0|0|16|12",
	"is_flipable" : 0,
	"ref_mob" : null,
	"cs_oninteractablecreate" : "null",
}