{
	"id" : 5001,
	"key" : "mining_crossbow@arrow_mining_plus",
	"type" : 0,
	"sprite" : "sprItemArrowMiningIngame",
	"damage" : 0,
	"knockback" : 0,
	"crit_chance" : 0,
	"speed" : 4,
	"pierce" : 0,
	"ignite_chance" : 0,
	"mine_power" : 10,
	"emits_light" : null,
	"crit_damage" : 1,
	"move_pattern" : "ammo_movement_pattern_linear",
	"move_pattern_speed" : 1,
	"move_pattern_amplitude" : 0,
	"particle_step" : null,
	"particle_destroy" : null,
	"sound_impact" : 55,
	"has_trail" : 1,
	"depth_sorted" : 1,
	"falls" : 1,
	"particles_destroy" : "[sprFxParticleDirt,sprFxParticleWood]",
	"collides" : 1,
	"cs_onammodestroy" : "null",
	"bounces" : 0,
	"destroys_on_collision" : 1,
	"friction" : 1,
	"rotates" : 1,
	"life" : 80,
	"boomerang_throw_speed" : 0,
	"boomerang_retract_speed" : 0,
	"apply_buffs" : null,
	"buffs_duration" : 0,
	"buff_chance" : 0,
	"mine_damage" : 10,
	"sprite_shadow" : "sprEntityShadowMedium",
	"particle_create" : null,
	"sound_create" : null,
	"animated" : null,
	"mines_on_contact" : 1,
	"cs_onammoupdate" : "null",
	"cs_onammohit" : "null",
	"spectral_trail" : 0,
	"spectral_trail_color" : 0,
	"damage_multiplier" : 1,
	"drop" : 67,
	"bounce_strength" : 1,
	"zspeed" : -1.05,
}