{
	"id" : 237,
	"key" : "volcanic_obsidian_floor_02",
	"hp" : 1,
	"speed" : 140,
	"friction" : 100,
	"sprite" : "sprTileObsidian02",
	"autotile" : 0,
	"autotile_group" : -1,
	"walk_sound" : 16,
	"drop" : 1611,
	"scatter_color" : 3452410,
	"generation_color" : 237,
	"generate_block" : null,
	"can_place_tiles" : 1,
	"soilable" : 0,
	"removable" : 1,
	"scatter_in" : 1,
	"water" : 0,
	"generation_group" : null,
	"hit_sound" : 2,
	"destroy_sound" : 2,
	"generate_interactable" : null,
	"spawn_day" : null,
	"spawn_night" : [[3,100]],
	"biome" : 50,
	"caves_entrance" : 1,
	"minimap_color" : 5319226,
	"is_house_floor" : 1,
	"grass_addon" : null,
	"power_required" : 0,
	"enemy_can_spawn" : 1,
	"addon_is_randomized" : 1,
	"addon_sprite_alt" : null,
	"disable_ms" : 0,
	"player_spawn" : 0,
	"cs_ontilegeneration" : "null",
	"can_place_blocks" : 1,
	"cliff" : null,
	"curunused" : null,
	"addon_chance" : 1,
	"can_place_interactables" : 1,
	"buffs" : null,
	"fish" : null,
	"water_color" : "E_WATER_COLOR.beach",
}