{
	"id" : 8,
	"key" : "floor_hard_wood",
	"hp" : 2,
	"speed" : 140,
	"friction" : 100,
	"sprite" : "sprAutotileFloorHardWood",
	"autotile" : 1,
	"autotile_group" : -1,
	"walk_sound" : 103,
	"drop" : 770,
	"scatter_color" : -1,
	"generation_color" : 8,
	"generate_block" : null,
	"can_place_tiles" : 1,
	"soilable" : 0,
	"removable" : 1,
	"scatter_in" : 0,
	"water" : 0,
	"generation_group" : null,
	"hit_sound" : 1,
	"destroy_sound" : 11,
	"generate_interactable" : null,
	"spawn_day" : null,
	"spawn_night" : null,
	"biome" : null,
	"caves_entrance" : 0,
	"minimap_color" : 5005220,
	"is_house_floor" : 1,
	"grass_addon" : null,
	"power_required" : 0,
	"enemy_can_spawn" : null,
	"addon_is_randomized" : null,
	"addon_sprite_alt" : null,
	"disable_ms" : 0,
	"player_spawn" : 0,
	"cs_ontilegeneration" : "null",
	"can_place_blocks" : 1,
	"cliff" : "sprWaterCliff",
	"curunused" : null,
	"addon_chance" : 1,
	"can_place_interactables" : 1,
	"buffs" : null,
	"fish" : null,
	"water_color" : "E_WATER_COLOR.beach",
}