{
	"id" : 2,
	"key" : "grasslands",
	"music_day" : "musGrasslands",
	"music_night" : "musNight",
	"ambience_day" : "ambGrasslandsDay",
	"ambience_night" : "ambGrasslandsNight",
	"mob_pool_day" : [[4,100],[1,50],[0,20]],
	"mob_pool_night" : [[4,100],[47,10],[0,20],[20,100]],
	"spawn_rate_multiplier" : 1.25,
	"spawn_rate_day" : 1,
	"spawn_rate_night" : 1.25,
	"flea" : "sprNPCCritterSmallButterfly01",
	"flea_has_light" : null,
	"particle_system" : null,
	"overlay" : null,
	"name" : "K_BIOME_01",
	"lut" : null,
	"ambient_color" : 16777215,
	"mist_color" : 0,
	"mist_intensity" : 0.50,
	"mist_global" : 0,
	"fish" : [[12,100],[6,100],[4,100]],
	"fish_chests" : [[21,6],[22,4],[38,1],[35,3],[42,5]],
	"spawn_max_mobs" : 10,
	"loot" : "[[605,0.01,1,1,\"db_item\"]]",
	"player_on_tile_to_update" : 1,
	"minibosses" : null,
	"icon" : "sprGUIIngameIconBiomeGrasslands",
	"shown_in_codex" : 1,
	"soft_light" : 0.66,
	"bloom_intensity" : 0,
	"bloom_threshold" : 0.90,
}