{
	"id" : 117,
	"key" : "first_loot_supporter_pack",
	"loot" : "[[102,1,1,1,\"db_item\"],[103,1,1,1,\"db_item\"],[95,1,1,1,\"db_item\"],[14,1,6,6,\"db_item\"],[66,1,3,3,\"db_item_pool\"],[617,1,1,1,\"db_recipe\"],[618,1,1,1,\"db_recipe\"],[1362,1,1,1,\"db_item\"],[1363,1,1,1,\"db_item\"],[1364,1,1,1,\"db_item\"],[1247,1,1,1,\"db_item\"],[277,1,1,1,\"db_item\"],[889,1,1,1,\"db_item\"],[338,1,1,1,\"db_item\"],[609,1,1,1,\"db_item\"],[319,1,1,1,\"db_item\"],[953,1,1,1,\"db_item\"]]",
	"type" : "Container",
	"icon" : null,
	"ingame_sprite" : null,
	"interactable" : 99,
}